tau,N_2,N_4,N_6,N_8,N_10,N_12,N_14,N_16,N_18,N_20,N_22,N_24,N_26,N_28,N_30,N_32,N_34,N_36,N_38,N_40,N_42,N_44,N_46,N_48,N_50,N_52,N_54,N_56,N_58,N_60,N_62,N_64,N_66,N_68,N_70,N_72,N_74,N_76,N_78,N_80,N_82,N_84,N_86,N_88,N_90,N_92,N_94,N_96,N_98,N_100
0.25,3.6654028773227965,3.6674577402758795,3.6678155914517174,3.667939143986228,3.667996032711736,3.668026855981037,3.668045414463092,3.668057448767256,3.6680656945039147,3.668071590163894,3.668075950961079,3.6680792669507216,3.66808184711945,3.668083894123492,3.6680855453607677,3.668086896657123,3.668088016496362,3.668088954875228,3.668089748984386,3.6680904269522876,3.6680910103715076,3.6680915160400285,3.668091957184341,3.6680923443334192,3.668092685952961,3.668092988912252,3.6680932588322626,3.6680935003482698,3.6680937173102914,3.6680939129374313,3.6680940899380245,3.668094250603901,3.6680943968849213,3.668094530448474,3.6680946527271545,3.668094764957365,3.668094868210724,3.668094963419683,3.6680950513987103,3.6680951328617395,3.6680952084367,3.6680952786776793,3.668095344075072,3.6680954050641903,3.6680954620325164,3.668095515325882,3.668095565253705,3.6680956120935297,3.668095656094859,3.668095697482487
0.4435483870967742,7.531962164796335,7.537213205775726,7.538027941116875,7.538301174297788,7.538425537638577,7.5384925336097615,7.538532739531701,7.538558757963875,7.538576561188704,7.538589278296085,7.538598678156241,7.53860582218946,7.538611378739519,7.538615785706484,7.538619339742126,7.538622247608957,7.538624656997347,7.538626675683049,7.538628383807991,7.538629841967934,7.538631096666972,7.538632184075248,7.538633132667267,7.538633965106563,7.5386346996128974,7.538635350968409,7.538635931267632,7.538636450483237,7.5386369168976834,7.538637337435646,7.538637717922646,7.538638063288,7.538638377725293,7.538638664820376,7.538638927654033,7.538639168885032,7.5386393908176474,7.538639595456885,7.538639784553973,7.538639959643926,7.538640122076821,7.538640273043909,7.538640413599513,7.53864054467948,7.538640667116845,7.538640781655059,7.5386408889592875,7.538640989626166,7.5386410841920375,7.538641173140146
0.6370967741935484,5.127274882983062,5.136308836648984,5.1371352230817005,5.13735926039161,5.137451402374498,5.137498378184229,5.1375256543606636,5.137542934950413,5.13755459006846,5.137562830845362,5.137568876503274,5.137573445340161,5.137576983400507,5.137579779799546,5.137582028733619,5.13758386463068,5.137585382977261,5.137586653132611,5.137587726473567,5.137588641720027,5.1375894285051595,5.137590109822347,5.137590703735572,5.13759122459661,5.137591683925088,5.13759209105425,5.137592453611016,5.137592777877479,5.137593069065817,5.137593331530043,5.137593568930129,5.1375937843608055,5.137593980453184,5.1375941594557615,5.137594323299333,5.137594473649337,5.13759461194855,5.13759473945184,5.137594857254825,5.137594966317522,5.137595067484004,5.137595161498832,5.137595249020794,5.13759533063449,5.137595406860189,5.137595478162068,5.137595544955401,5.137595607612529,5.137595666468164,5.13759572182381
0.8306451612903226,3.7541632347544476,3.776754852425357,3.777990643445602,3.778190594091571,3.7782416920152344,3.7782583880090654,3.7782646805007953,3.778267242209462,3.778268305296537,3.7782687195121656,3.778268840034523,3.778268825772859,3.778268751325986,3.7782686527927556,3.778268547848743,3.7782684450432997,3.7782683482997075,3.7782682591709116,3.7782681780010923,3.7782681045349142,3.778268038240551,3.77826797848049,3.7782679246008817,3.7782678759761046,3.7782678320293352,3.778267792239807,3.7782677561431983,3.7782677233288,3.7782676934347115,3.7782676661428165,3.7782676411737786,3.778267618282227,3.7782675972524786,3.7782675778947756,3.7782675600418023,3.7782675435458346,3.77826752827631,3.778267514117422,3.7782675009663174,3.778267488731493,3.7782674773313363,3.778267466692998,3.7782674567511285,3.7782674474471896,3.7782674387285082,3.778267430547668,3.778267422861923,3.778267415632584,3.7782674088246178,3.7782674024062497
1.0241935483870968,2.847776369744889,2.9065261335782924,2.909541184350218,2.9099571090286878,2.9100348771892564,2.9100464166447457,2.910042881288251,2.9100363511850174,2.9100299445062006,2.9100243977956195,2.910019775925655,2.910015965515095,2.9100128236189082,2.910010220659444,2.9100080497952217,2.91000622595687,2.910004682238589,2.9100033661318805,2.910002236311193,2.9100012600798877,2.910000411399994,2.9099996693898116,2.909999017182841,2.9099984410587085,2.9099979297792884,2.909997474078357,2.9099970662670493,2.909996699926609,2.9099963696680744,2.909996070941968,2.90999579988799,2.9099955532143524,2.909995328101257,2.9099951221221803,2.90999493318066,2.90999475945808,2.90999459937069,2.909994451534701,2.9099943147365703,2.909994187908708,2.909994070109082,2.9099939605038325,2.909993858352871,2.9099937629974963,2.9099936738499816,2.9099935903845404,2.9099935121297813,2.909993438662046,2.909993369599669,2.9099933045983204
1.217741935483871,2.1824320528065235,2.3163857628851305,2.3236784293085684,2.3247557507804935,2.3249874200779277,2.3250415834451843,2.3250497035258744,2.3250450591252303,2.3250373550907693,2.325029585386713,2.3250226226558928,2.3250166350647268,2.3250115614342213,2.3250072777830697,2.3250036555911855,2.3250005805078158,2.324997956500022,2.3249957048764522,2.324993761792011,2.324992075582711,2.324990604389355,2.324989314182396,2.3249881771724272,2.3249871705491825,2.324986275488508,2.324985476370757,2.3249847601651332,2.3249841159426285,2.3249835344902907,2.3249830080032643,2.324982529838096,2.3249820943142545,2.3249816965535848,2.3249813323491946,2.3249809980592695,2.3249806905187995,2.324980406967395,2.324980144989347,2.324979902463406,2.3249796775213585,2.3249794685125287,2.324979273974463,2.3249790926079172,2.324978923255489,2.3249787648836233,2.3249786165670185,2.324978477475533,2.3249783468624243,2.3249782240549073,2.3249781084453045
1.4112903225806452,1.6231301965757547,1.8918408368241721,1.9073954860435574,1.9098390885765768,1.9104217313387,1.910590406938445,1.910641408199426,1.9106539994143583,1.9106532747655145,1.9106480773399892,1.9106417163815983,1.9106354444498512,1.910629705477161,1.9106246171305785,1.9106201671658367,1.91061629587799,1.9106129309696671,1.9106100018874344,1.9106074451532684,1.9106052057639196,1.9106032369400365,1.9106014992547296,1.9105999596017067,1.9105985902009952,1.910597367713683,1.910596272486557,1.9105952879204982,1.91059439994782,1.9105935966031349,1.910592867671205,1.9105922043981247,1.91059159925452,1.9105910457405038,1.9105905382249582,1.910590071812385,1.910589642232823,1.9105892457495723,1.9105888790823806,1.9105885393432462,1.9105882239819063,1.9105879307401739,1.9105876576130019,1.9105874028156888,1.910587164755545,1.9105869420079833,1.9105867332956414,1.9105865374708357,1.9105863535000216,1.9105861804507054,1.9105860174796732
1.6048387096774193,1.0796831950918038,1.5668994350135483,1.5966701812292448,1.6015404562322455,1.6027690665240868,1.603158751217434,1.6032982430513052,1.6033501064861642,1.603368006380834,1.603371975324509,1.6033701604750958,1.603366070847321,1.603361266767694,1.6033564442871382,1.6033519016494724,1.6033477502699718,1.6033440138309625,1.603340676057765,1.6033377040748702,1.603335059808434,1.6033327054228794,1.6033306057499914,1.603328729202983,1.6033270479424298,1.603325537689961,1.603324177393549,1.603322948848504,1.603321836326271,1.603320826231209,1.6033199067978436,1.603319067826076,1.603318300454263,1.6033175969653892,1.6033169506227378,1.6033163555298613,1.6033158065129138,1.6033152990197654,1.6033148290351444,1.6033143930087295,1.603313987792843,1.6033136105905421,1.6033132589101866,1.603312930527573,1.6033126234521313,1.6033123358990335,1.6033120662643263,1.6033118131034212,1.6033115751134133,1.6033113511160628,1.603311140044416
1.7983870967741935,0.4855389770819174,1.3017960313978862,1.3542266512949208,1.3630504997301287,1.365351845795855,1.366116775490617,1.3664107684495717,1.3665337415986896,1.3665870469580352,1.3666096531908902,1.3666180271483699,1.366619632230736,1.3666180296022592,1.3666149801527545,1.366611372661478,1.3666076572651509,1.3666040573357237,1.3666006769427355,1.3665975569814506,1.3665947051542964,1.366592112234448,1.3665897609585411,1.3665876308810805,1.3665857009857092,1.3665839510421334,1.3665823622562392,1.3665809175282748,1.3665796014964842,1.3665784004664023,1.3665773022875527,1.3665762962071095,1.3665753727205934,1.3665745234293334,1.3665737409090308,1.3665730185903149,1.3665723506534884,1.366571731935796,1.3665711578492041,1.3665706243097548,1.3665701276757662,1.3665696646935717,1.3665692324511554,1.36656882833719,1.3665684500056536,1.3665680953450803,1.36656776245208,1.3665674496066453,1.366567155253152,1.3665668779814821,1.3665666165113508
1.9919354838709677,-0.21308184101587946,1.0707614867854782,1.157302524471334,1.1721901284655853,1.1761586759530631,1.1775146756318768,1.1780558477749092,1.1782947586458512,1.1784071626129862,1.1784618159693607,1.1784883921646518,1.1785006962975062,1.1785055359561287,1.1785064230646445,1.178505232619301,1.1785029906811013,1.1785002673502532,1.1784973808794694,1.1784945073712934,1.178491741444243,1.1784891305880911,1.178486694995169,1.1784844391813414,1.1784823588666462,1.178480445072376,1.1784786865614547,1.1784770712791952,1.178475587189265,1.1784742227421383,1.1784729671155898,1.1784718103243759,1.178470743245072,1.1784697575965548,1.17846884589397,1.1784680013906879,1.178467218014427,1.1784664903042579,1.1784658133503685,1.1784651827365284,1.1784645944886694,1.1784640450276893,1.178463531126993,1.178463049874182,1.1784625986379875,1.178462175037173,1.178461776914606,1.1784614023135136,1.1784610494557066,1.178460716724246,1.1784604026458896
2.185483870967742,-1.0623278357046055,0.8555220786964293,0.9911277235141697,1.0148931541179378,1.0213287444753316,1.0235677361983992,1.0244819385049388,1.0248978726465687,1.0251017704642946,1.0252068701124881,1.0252626844624488,1.0252926073441844,1.0253083903197173,1.0253162333923496,1.025319539199659,1.0253202349801196,1.0253194396236474,1.0253178148174793,1.0253157566986477,1.025313503753579,1.0253111992045336,1.0253089279189749,1.0253067386745647,1.0253046578173026,1.0253026977505504,1.025300862272741,1.0252991499583115,1.0252975563085849,1.0252960751243785,1.0252946993758962,1.025293421751473,1.0252922349956421,1.025291132112887,1.0252901064806528,1.0252891519082608,1.0252882626569875,1.0252874334390112,1.0252866594025083,1.0252859361067537,1.025285259496345,1.0252846258712187,1.0252840318578056,1.0252834743807995,1.025282950636769,1.0252824580690816,1.0252819943445837,1.025281557333873,1.0252811450906092,1.0252807558348551,1.0252803879376464
2.379032258064516,-2.1029345011723404,0.6418773701590066,0.8454689688816261,0.8817536705295913,0.8917010974343981,0.8952064604984198,0.8966596080690401,0.8973333573721107,0.8976717245052062,0.8978517525364436,0.8979515357317194,0.8980083446694829,0.8980411207747893,0.8980599940578404,0.8980706136496255,0.8980762405836018,0.8980788117972452,0.898079504979336,0.8980790497856694,0.8980779049226213,0.898076361770504,0.8980746065310488,0.8980727583039155,0.8980708928632408,0.898069057747056,0.8980672819729224,0.8980655823701984,0.8980639677497454,0.8980624416721655,0.8980610042997342,0.8980596536360084,0.8980583863631756,0.8980571984027449,0.8980560852905883,0.8980550424267939,0.8980540652379416,0.8980531492813046,0.8980522903074939,0.8980514842968202,0.898050727476643,0.898050016325423,0.8980493475702278,0.8980487181780058,0.8980481253433271,0.8980475664764365,0.8980470391877734,0.8980465412740509,0.8980460707051661,0.8980456256090315,0.8980452042606674
2.5725806451612905,-3.371081680559672,0.4178724074359826,0.7127561726900918,0.7661539136105373,0.7809443215240842,0.7862071843503384,0.7884126128255361,0.7894483674738798,0.7899767715963091,0.7902634638485437,0.79042636001314,0.7905221309551623,0.7905798057341694,0.7906150492450362,0.7906366874386394,0.7906498758630823,0.7906577190165867,0.790662134938913,0.7906643345782577,0.790665096446492,0.7906649285807759,0.7906641665006786,0.7906630338048851,0.7906616804036001,0.7906602070783787,0.7906586815052378,0.7906571488565527,0.7906556389058789,0.7906541708365364,0.7906527565330197,0.7906514028467401,0.7906501131722434,0.7906488885422405,0.7906477283998619,0.7906466311373055,0.7906455944769226,0.7906446157370184,0.7906436920180824,0.7906428203332592,0.7906419976952076,0.7906412211778128,0.7906404879537241,0.7906397953191371,0.7906391407083714,0.7906385216992157,0.7906379360151146,0.7906373815233461,0.7906368562300412,0.7906363582750819,0.7906358859251759
2.7661290322580645,-4.898689815611211,0.1727998370578396,0.5870275102377879,0.6632089939031595,0.684502814724312,0.6921392470471674,0.6953655481386252,0.696894851134815,0.697683615087688,0.6981172229757441,0.69836756557285,0.6985176815200446,0.6986103484123528,0.6986687963734963,0.6987062066886974,0.6987303406328602,0.6987459141488553,0.6987558709168163,0.6987620913355824,0.698765800696011,0.6987678111464566,0.6987686688801548,0.6987687457563271,0.6987682975117989,0.6987675014347674,0.6987664811527479,0.698765323186757,0.698764088156253,0.6987628184536352,0.6987615435614641,0.6987602837688562,0.6987590527942092,0.6987578596476828,0.6987567099674209,0.6987556069765645,0.6987545521791712,0.6987535458635804,0.6987525874682813,0.6987516758501676,0.6987508094783564,0.6987499865767423,0.6987492052263845,0.698748463439944,0.6987477592151942,0.6987470905711163,0.6987464555752864,0.6987458523611506,0.6987452791384188,0.6987447341999453,0.6987442159253819
2.9596774193548385,-6.713539940891188,-0.10335303143262259,0.46331021415168716,0.5691453762179044,0.5989764007075652,0.6097454096568932,0.6143247214715365,0.6165106808364155,0.6176471971900502,0.6182778426288538,0.6186459898851029,0.6188696787625672,0.6190099782791711,0.6191002065766839,0.6191593663900274,0.6191987105093275,0.6192251197810249,0.6192429196344682,0.6192548950463486,0.6192628769368693,0.6192680911026767,0.6192713713491729,0.6192732927421283,0.6192742566825469,0.6192745462495076,0.6192743628217254,0.6192738506858388,0.6192731138018379,0.6192722273775412,0.6192712459442808,0.6192702090599687,0.6192691453635791,0.6192680754967074,0.6192670142132956,0.6192659719216109,0.6192649558136357,0.6192639707003715,0.6192630196310427,0.6192621043539203,0.619261225662182,0.6192603836494077,0.6192595779071907,0.6192588076688833,0.6192580719192567,0.619257369477629,0.61925669905993,0.6192560593232405,0.6192554489016484,0.6192548664297237,0.6192543105619744
3.153225806451613,-8.839389256244443,-0.42020926167425454,0.33724253833571366,0.4809185350122698,0.5217386536782898,0.5365608513022501,0.5428975579160543,0.5459392982464013,0.547530487073267,0.5484196062063186,0.5489428336480133,0.5492637441725571,0.549467249137281,0.549599841150795,0.5496881401176954,0.5497479764204138,0.5497890750984423,0.5498175808358622,0.5498374723412548,0.5498513817059654,0.5498610833518242,0.5498677935966384,0.5498723585599342,0.5498753745505839,0.5498772666773624,0.5498783410776766,0.54987882016488,0.5498788667597834,0.5498786008284211,0.5498781112304264,0.5498774640588949,0.5498767086165941,0.5498758817428523,0.5498750109682008,0.5498741168353226,0.5498732146200983,0.5498723156108014,0.5498714280719204,0.5498705579663415,0.5498697095063386,0.5498688855711505,0.5498680880260043,0.5498673179655802,0.5498665759049143,0.5498658619210248,0.5498651757664316,0.5498645169552996,0.549863884827864,0.5498632786057303,0.5498626974274629
3.346774193548387,-11.296146493369374,-0.7871639471869718,0.20483504282679693,0.3959680159744509,0.45069213653525253,0.470668926891319,0.4792487099965754,0.48338603775192773,0.4855609343506398,0.48678280237196025,0.4875062475722525,0.4879530597732278,0.4882386842230026,0.48842651322759734,0.4885529535820925,0.48863972684479023,0.4887002245989135,0.4887429409057492,0.4887733988820926,0.48879526914462573,0.4888110387191813,0.4888224218329721,0.48883061823311413,0.488836479123648,0.4888406158301642,0.4888434722113613,0.488845373684819,0.4888465609106791,0.4888472132360279,0.4888474652208329,0.4888474184122529,0.4888471498287291,0.48884671812490693,0.48884616811360554,0.488845534112372,0.4888448424370005,0.4888441132702319,0.488843362076489,0.4888426006751086,0.48884183805924797,0.48884108102933843,0.4888403346752179,0.48883960275628546,0.48883888799139774,0.48883819228996367,0.4888375169295827,0.48883686269646986,0.4888362299975078,0.4888356189453656,0.488835029427991
3.5403225806451615,-14.100118498441505,-1.2134604097858994,0.06231593742615343,0.3120547925022721,0.3841054382991835,0.4105385644776282,0.4219377449195399,0.4274559987173007,0.43036845600200496,0.4320117839844099,0.4329894376212301,0.4335965039334335,0.4339869327060707,0.4342454585963734,0.4344208655760013,0.4345423360476708,0.4346279116669138,0.43468907041283006,0.4347332998949163,0.43476559380703467,0.43478934851827006,0.43480691472160043,0.43481994501312304,0.43482961763323774,0.4348367833034427,0.43484206330733716,0.4348459160601228,0.4348486829574864,0.4348506203872689,0.43485192235343767,0.4348527366496411,0.43485317654896566,0.4348533293302593,0.43485326255737744,0.43485302874358406,0.4348526688389222,0.4348522148626535,0.434851691899098,0.4348511196252862,0.43485051348062537,0.43484988557428716,0.4348492453878365,0.4348486003250933,0.43484795614074995,0.43484731728087167,0.43484668714931524,0.434846068319392,0.43484546270319735,0.43484487168551106,0.43484429623238874
3.7338709677419355,-17.264315614104692,-1.7082145462644829,-0.09397061999849426,0.22715001759998255,0.320501127923711,0.3549124205312749,0.3698075276028849,0.37704258488666254,0.3808740753053551,0.3830436700970184,0.38433940757136986,0.38514742053733053,0.3856695566779635,0.3860171348563058,0.3862543755700104,0.386419777633124,0.38653719637744527,0.38662184498599544,0.3866836732865669,0.38672933542388677,0.38676337052837634,0.38678893025424044,0.38680823792353897,0.38682288457089653,0.38683402357751945,0.3868425009148891,0.3868489437192048,0.38685382142012026,0.3868574885114353,0.38686021484816474,0.386862207362138,0.38686362579157957,0.386864594186876,0.3868652094124571,0.38686554747266444,0.38686566826632524,0.3868656191792336,0.38686543782598287,0.38686515414639,0.38686479203001967,0.38686437056886985,0.38686390504211765,0.38686340768282934,0.38686288828600557,0.3868623546866229,0.38686181314324536,0.38686126863871956,0.3868607251258495,0.3868601857239367,0.38685965287411794
3.9274193548387095,-20.798794972527695,-2.2804077312036517,-0.2676314441213551,0.13935723874947967,0.25857672253899044,0.3027278985523042,0.32190540837093023,0.3312488220486912,0.33621132550334076,0.3390298049436489,0.34071845371083576,0.3417751370374184,0.3424605647120695,0.342918765424836,0.3432329748518009,0.3434531805999774,0.34361041497136463,0.34372450717780667,0.3438084531755417,0.34387096359731606,0.3439179944934469,0.34395369179906604,0.34398098816895356,0.3440019883270524,0.34401822278480676,0.3440308178695187,0.34404061153820936,0.3440482334407101,0.3440541610288625,0.344058759379822,0.344062309789878,0.34406503052926574,0.3440670920572652,0.3440686282856613,0.3440697449840105,0.34407052610900246,0.3440710386023731,0.3440713360571492,0.3440714615370528,0.3440714497585803,0.34407132878893043,0.34407112137614737,0.34407084599613313,0.34407051767825375,0.34407014866588065,0.34406974893904724,0.3440693266348971,0.3440688883894205,0.3440684396055788,0.3440679846786752
4.120967741935484,-24.7110202438583,-2.9388612136971513,-0.4622675141660132,0.04685728382910134,0.19714791702339945,0.2530602886679376,0.2774264781643371,0.28933072011608263,0.29566968664885723,0.2992792440583346,0.30144768310213416,0.30280850380570234,0.30369396519009045,0.3042879022175218,0.30469671552906447,0.3049844026386592,0.30519075608136464,0.3053412446789947,0.305452589453689,0.30553601825376275,0.30559922315107413,0.30564756948115274,0.3056848607064918,0.3057138328425356,0.3057364803642521,0.3057542748945859,0.30576831434716134,0.3057794261699313,0.30578823980460385,0.30579523818611526,0.3058007947775243,0.30580520049510124,0.3058086834840453,0.30581142377477283,0.30581356425027406,0.30581521891301067,0.30581647916956733,0.30581741863991646,0.3058180968659886,0.3058185621860721,0.3058188539814016,0.30581900443521215,0.30581903992427134,0.30581898212362635,0.3058188488803636,0.3058186549196622,0.3058184124130649,0.3058181314304769,0.3058178203129869,0.30581748597367936
4.314516129032258,-29.00621950444275,-3.6922005212416806,-0.6815004617874485,-0.05213094117163303,0.1351073580023379,0.20508132302880236,0.23567219160971584,0.25065598337699796,0.25865336176432924,0.2632175753801882,0.265965864571057,0.26769476495027056,0.26882265034734054,0.2695813185930347,0.2701051094948989,0.2704749331947262,0.2707411665815833,0.2709360980615727,0.27108095679701066,0.2711900194912838,0.2712730826136965,0.27133699087606467,0.27138660510818524,0.2714254285249925,0.27145601995864527,0.2714802714296529,0.27149959764995746,0.27151506735773084,0.2715274955916487,0.271537509355214,0.2715455949014666,0.27155213214922924,0.27155741999770283,0.27156169511747813,0.2715651460275637,0.27156792372371663,0.27157014977620136,0.2715719225318423,0.27157332190727923,0.27157441310896846,0.2715752495508911,0.2715758751384223,0.2715763260816914,0.2715766323351299,0.2715768187465821,0.2715769059802149,0.2715769112603818,0.2715768489730005,0.2715767311575895,0.27157656790158097
4.508064516129032,-33.68772732407328,-4.548815626766269,-0.928987033741979,-0.159378162958233,0.07139458448623481,0.15802878026211073,0.19601999600136352,0.2146737098568609,0.2246510352395328,0.2303567197229606,0.2337992578892301,0.2359694069087049,0.2373882580246274,0.2383448800781314,0.23900700531451516,0.23947577460975575,0.2398142356745917,0.240062846907606,0.2402482422028973,0.24038835607929557,0.24049551150893755,0.240578330574752,0.24064294537669964,0.24069378220594373,0.24073407942456782,0.24076623563138685,0.24079204758177997,0.24081287523193035,0.2408297578078983,0.24084349649131753,0.2408547140149012,0.24086389809541162,0.24087143340845227,0.2408776253572106,0.24088271789463253,0.24088690700270962,0.24089035097148997,0.24089317827983928,0.24089549370390748,0.24089738305767205,0.24089891691397325,0.24090015353545904,0.24090114118964737,0.24090191999732005,0.2409025234149685,0.24090297941694513,0.24090331146200006,0.24090353926695787,0.2409036794427445,0.24090374601402617
4.701612903225806,-38.75730164637603,-5.516820819992474,-1.2084247930257295,-0.27666397950043864,0.0049741567306272015,0.11118417001950072,0.15790100088312015,0.1808921165090329,0.19321365155064726,0.2002727496959103,0.2045394609974205,0.20723402525990098,0.2089990520301529,0.21019143415457017,0.21101848462066627,0.2116053431823368,0.21203009927254227,0.21234291655816845,0.21257685343759933,0.21275419512273455,0.21289027151115886,0.2129958213244864,0.21307849151686287,0.21314380900496138,0.2131958228920712,0.21323753655223598,0.21327120314521383,0.21329853075346222,0.21332082678767197,0.21333910093301803,0.2133541394202652,0.2133665591981818,0.21337684785419786,0.21338539331692352,0.21339250615484698,0.21339843645616796,0.21340338670625938,0.21340752169297014,0.2134109761656654,0.21341386081443925,0.2134162669460409,0.2134182701819302,0.2134199333886434,0.21342130901169898,0.21342244094694166,0.21342336605279325,0.2134241153646787,0.21342471509074995,0.21342518741568778,0.21342555116816936
4.895161290322581,-44.21540993651442,-6.604016965037421,-1.523551429514517,-0.40578977163080027,-0.06518013360024101,0.06385639848160489,0.12078359140722493,0.14886219453022123,0.16393811930809823,0.17258963259507548,0.1778271811864368,0.18114011598451432,0.18331372759183504,0.1847846257941536,0.18580668486618393,0.18653329713756045,0.18706027176921816,0.18744921268333906,0.18774075567564713,0.1879623202410773,0.18813278667768732,0.1882653942319247,0.1883695803919454,0.18845217367610687,0.18851818247151622,0.1885713261248368,0.1886143983961174,0.18864951995208465,0.18867831621687894,0.18870204426396064,0.18872168442544315,0.18873800716381833,0.188751622391025,0.18876301619197097,0.1887725784185272,0.1887806235929622,0.18878740687669884,0.1887931363553269,0.18879798255651847,0.18880208587469713,0.1888055624043297,0.18880850853196082,0.18881100460016406,0.18881311782022905,0.18881490461040448,0.18881641248945255,0.18881768159677093,0.18881874594332626,0.1888196344259485,0.18882037165644813
5.088709677419355,-50.061482168536216,-7.817857913059427,-1.8781394583752937,-0.548586861208151,-0.14009650946833,0.015369883551959874,0.08416145542393864,0.11816576503359401,0.13645541098314987,0.1469673676999755,0.1533404007430798,0.1573772617408861,0.16002961253254808,0.1618271094210169,0.16307801916055087,0.16396876226650514,0.1646158759985989,0.16509435448924886,0.16545370717456978,0.16572736913265668,0.16593838247258558,0.1661029189264115,0.1662325167721267,0.16633553235084564,0.16641810055904147,0.16648478189915333,0.16653900553762635,0.16658337729794884,0.1666198967321224,0.16665011208778382,0.1666752322617277,0.16669620857441791,0.16671379512420775,0.16672859375260246,0.16674108785946803,0.16675166803608274,0.16676065166400278,0.1667682980007654,0.1667748198808388,0.16678039285174617,0.16678516234711815,0.16678924936011136,0.16679275494706444,0.16679576383232408,0.16679834730199275,0.16680056553204545,0.16680246948675753,0.166804102458741,0.1668055013299685,0.1668066976051184
5.282258064516129,-56.294130508225926,-9.165422156720387,-2.2759876694335115,-0.7069210961924676,-0.22081305695403827,-0.034944021314765976,0.04754488362226207,0.08840679407758385,0.11042191699144217,0.12309337640019359,0.13078579530920237,0.13566457128274034,0.13887412218096087,0.14105201524018568,0.14256965107526023,0.14365181307750913,0.1444391291916444,0.14502216434987117,0.14546075174424927,0.14579532826437708,0.14605378219953727,0.1462557013706525,0.1464150722602262,0.14654203236690252,0.14664403039026438,0.14672660819715747,0.14679393655906547,0.1468491877516222,0.14689479830907567,0.14693265670099984,0.1469642389945549,0.1469907080014333,0.1470129864887706,0.14703181177081123,0.1470477767701993,0.14706136117860813,0.14707295528367967,0.14708287833474853,0.1470913927841016,0.14709871542554184,0.14710502613704476,0.14711047480881387,0.14711518683983554,0.14711926754557067,0.14712280569445388,0.14712587636423774,0.14712854326363647,0.1471308606206784,0.14713287472995623,0.14713462522689352
5.475806451612903,-62.9113371094715,-10.653390296873866,-2.720910385726539,-0.8826947601542224,-0.3083830410022739,-0.08775315477260472,0.010454482480709074,0.05920510611748494,0.08551319254375782,0.10067628309853495,0.10989254254545676,0.11574450933298436,0.11959860515549811,0.12221680692551008,0.12404336127516115,0.12534734622088317,0.1262972216031143,0.12700155046366138,0.1275321045631368,0.12793742117678045,0.12825099729692452,0.12849637577111453,0.12869037850205592,0.12884520654566636,0.1289698311950735,0.12907093200284042,0.1291535397421793,0.12922148378269332,0.12927770771708516,0.12932449492336515,0.12936363167869128,0.12939652642896554,0.12942429791377708,0.12944784089011283,0.12946787561144624,0.12948498539043335,0.12949964533508007,0.12951224450725457,0.1295231031282822,0.12953248602320738,0.12954061320195112,0.12954766823012104,0.1295538048897744,0.12955915251375244,0.12956382026932917,0.12956790062729012,0.12957147217990486,0.12957460192997963,0.12957734717592698,0.12957975705779806
5.669354838709677,-69.91061241700734,-12.288028501691217,-3.2167253569055085,-1.0778464930435714,-0.40387834338679973,-0.1437288771306306,-0.02758335062286789,0.030191844299356688,0.06141944493676758,0.07944143395536943,0.09040786771614426,0.09737846321806301,0.10197392605038687,0.1050988764774076,0.10728115164379515,0.10884069171367794,0.10997793323675753,0.11082212787786214,0.11145877659238343,0.1119457356102627,0.11232295665144634,0.11261853566052538,0.11285255972509182,0.11303960693029902,0.11319040294255238,0.11331293854478695,0.11341323595849191,0.11349588227137598,0.11356440594133049,0.11362154596163254,0.11366944659829134,0.11370979984151965,0.11374395069667005,0.1137729757561176,0.11379774236844133,0.1138189535796273,0.11383718253485316,0.11385289900933797,0.11386649002758373,0.11387827597988284,0.11388852331044672,0.11389745456419008,0.11390525638156171,0.11391208590868666,0.1139180759473093,0.11392333912536799,0.11392797128230547,0.11393205423725904,0.11393565804986723,0.11393884289404908
5.862903225806452,-77.2891268942455,-14.075177848435436,-3.767240931128499,-1.2943497494407306,-0.5083915178637829,-0.2035490918830298,-0.06703968046441665,0.0010061864016579001,0.037842269258571024,0.059127660833439837,0.07209383309535675,0.08034355279021305,0.08578729127991631,0.08949238229317652,0.09208209275724982,0.09393446768766986,0.0952864942690808,0.09629108337995855,0.09704944302435961,0.09763009480993799,0.09808038021123681,0.09843360939989693,0.09871360980373077,0.09893768315264084,0.09911856579502193,0.09926575167030902,0.09938639981561603,0.09948596632694129,0.09956865057072133,0.09963771429458497,0.09969571259100254,0.0997446629134678,0.0997861700326931,0.09982151934111325,0.09985174713333152,0.09987769400229873,0.0999000457331846,0.09991936486736665,0.09993611521616498,0.09995068105565438,0.09996338222786187,0.09997448611307493,0.09998421715658092,0.09999276450886099,0.10000028817610715,0.10000692398959767,0.10001278765640687,0.10001797805612775,0.10002257995459507,0.10002666623366865
6.056451612903226,-85.04381929600888,-16.02024922926648,-4.376243004339122,-1.5342101966758037,-0.6230368340954505,-0.26790032547054876,-0.10838538134838621,-0.02870705051423486,0.014492264820971322,0.03948492215424037,0.054725002440352305,0.06443031452428395,0.07083994870311991,0.0752059608782348,0.0782600449693753,0.08044630878514475,0.08204331917584574,0.08323091417326156,0.0841281855918505,0.08481580275926559,0.08534952660920475,0.08576860976620591,0.08610114346960837,0.08636753499275693,0.08658281381298713,0.08675818851232242,0.08690211515151185,0.08702104148419873,0.08711993260585077,0.08720264701209225,0.08727220884933737,0.08733100721563379,0.08738094357044943,0.08742354181548603,0.08746003125775319,0.08749140966053497,0.08751849154374976,0.08754194547589195,0.08756232305680653,0.08758008160782273,0.08759560203568958,0.08760920299943374,0.08762115219415617,0.08763167539005427,0.08764096372086996,0.08764917957659142,0.08765646140608585,0.08766292762424628,0.08766867983843435,0.08767380548309425
6.25,-91.90047696735327,-17.594045649361103,-4.851991651348239,-1.71589194392465,-0.7062028322347986,-0.3117420839128066,-0.13430526247498753,-0.04558705636176223,0.002548399200830167,0.03041275037057869,0.0474120552729681,0.058242239298946466,0.06539752512353213,0.07027323239020931,0.07368507176738766,0.07612830064220502,0.07791365606991495,0.07924179567020413,0.08024562987041246,0.08101520860522486,0.08161279046981873,0.0820822113795084,0.08245484918868273,0.0827535035224,0.08299496928964227,0.08319177431298515,0.0833533719520978,0.08348697196389206,0.08359812745143791,0.08369115484782592,0.08376943799390253,0.08383565078271915,0.08389192186023897,0.08393995763568889,0.08398113498781878,0.08401657175504311,0.08404718073557849,0.08407371136345827,0.08409678214360568,0.0841169060170992,0.08413451034592723,0.0841499527648449,0.0841635338095134,0.08417550703363852,0.08418608715860909,0.08419545668871457,0.0842037712687113,0.08421116407628111,0.08421774942863713,0.08422362573664215
